{
  "makananPokok": [
    {
      "nama": "Beras",
      "description": "Beras kualitas premium.",
      "url": "https://encrypted-tbn0.gstatic.com/images?q=tbn:ANd9GcQ8sp_rkqrw7HcZI7Hja-5DGeZGrUX95NST2X3Jv6mZiQ&s",
      "harga": "Rp50.000"
    },
    {
      "nama": "Minyak Goreng",
      "description": "Minyak goreng sehat.",
      "url": "https://encrypted-tbn0.gstatic.com/images?q=tbn:ANd9GcRxJXWIv0dRccVD8axMXqG_YQ9Vvf-v0jUqinfWnfjMyA&s",
      "harga": "Rp20.000"
    },
    {
      "nama": "Gula Pasir",
      "description": "Gula pasir murni.",
      "url": "https://encrypted-tbn0.gstatic.com/images?q=tbn:ANd9GcTAnPkVuFrwv1Eu0qOjAqscnNR3ViRdvWvlIMedQGJpkg&s",
      "harga": "Rp15.000"
    },
    {
      "nama": "Tepung Terigu",
      "description": "Tepung terigu serbaguna.",
      "url": "https://encrypted-tbn0.gstatic.com/images?q=tbn:ANd9GcSRh8o-VfwRG4nSjAI3ntF92KJEZvLW4zye6bikoMtstA&s",
      "harga": "Rp12.000"
    },
    {
      "nama": "Garam",
      "description": "Garam beryodium.",
      "url": "https://s3.bukalapak.com/img/80031713692/large/data.jpeg",
      "harga": "Rp5.000"
    },
    {
      "nama": "Telur Ayam",
      "description": "Telur ayam segar.",
      "url": "https://th.bing.com/th/id/OIP.Ej0BXmlE-9ujw4oILWV3CQHaHa?rs=1&pid=ImgDetMain",
      "harga": "Rp25.000"
    },
    {
      "nama": "Mie Instan",
      "description": "Mie instan berbagai rasa.",
      "url": "https://th.bing.com/th/id/OIP.dGt4sedyom319yOJCG4nYgHaHa?w=520&h=520&rs=1&pid=ImgDetMain",
      "harga": "Rp3.000"
    },
    {
      "nama": "Susu Bubuk",
      "description": "Susu bubuk berkualitas.",
      "url": "https://th.bing.com/th/id/OIP.FirOhZdlUmnTjqOgjTDbeQHaHE?w=486&h=464&rs=1&pid=ImgDetMain",
      "harga": "Rp35.000"
    },
    {
      "nama": "Bawang Merah",
      "description": "Bawang merah segar.",
      "url": "https://th.bing.com/th/id/OIP.u1V1GFkRphXPxIx-oSamCQHaHa?rs=1&pid=ImgDetMain",
      "harga": "Rp20.000"
    },
    {
      "nama": "Bawang Putih",
      "description": "Bawang putih segar.",
      "url": "https://assets.pikiran-rakyat.com/crop/0x0:0x0/x/photo/2020/08/14/4013636636.jpg",
      "harga": "Rp18.000"
    }
  ],
  "produkKebersihan": [
    {
      "nama": "Sabun Mandi",
      "description": "Sabun mandi wangi.",
      "url": "https://down-my.img.susercontent.com/file/072e85c1d4bae5f7c2f2ee1e6cb3654f",
      "harga": "Rp10.000"
    },
    {
      "nama": "Shampoo",
      "description": "Shampoo untuk semua jenis rambut.",
      "url": "https://th.bing.com/th/id/R.53559e768851b067564d9ddc4758dc9a?rik=EkSi%2bQRCSSHzQw&riu=http%3a%2f%2fdeltahygiene.ma%2ffiles%2f2019%2f05%2fshampo.jpg&ehk=7X5OBGj%2bJcV1kgYqxqB0sC2vm3UFTxgMsV7TyM8Bn6s%3d&risl=&pid=ImgRaw&r=0",
      "harga": "Rp15.000"
    },
    {
      "nama": "Pasta Gigi",
      "description": "Pasta gigi untuk kesehatan gigi.",
      "url": "https://id-test-11.slatic.net/p/b56c575f853eecefe31ad6139135fd24.jpg",
      "harga": "Rp8.000"
    },
    {
      "nama": "Sikat Gigi",
      "description": "Sikat gigi lembut.",
      "url": "https://img.lazcdn.com/g/p/95eb5f7ed5de52c5ee799be5fb67a03f.png_720x720q80.png",
      "harga": "Rp5.000"
    },
    {
      "nama": "Sabun Cuci Piring",
      "description": "Sabun cuci piring efektif.",
      "url": "https://down-id.img.susercontent.com/file/id-11134207-23010-sx98az8hjumvad",
      "harga": "Rp7.000"
    },
    {
      "nama": "Sabun Cuci Baju",
      "description": "Detergen bubuk untuk mencuci pakaian.",
      "url": "https://cf.shopee.co.id/file/4cc1bbb716d2a6e7c83640e16e81581a",
      "harga": "Rp12.000"
    },
    {
      "nama": "Pembersih Lantai",
      "description": "Pembersih lantai dengan aroma segar.",
      "url": "https://th.bing.com/th/id/OIP.twAt0KZ1S0hh5NmJOuHXywHaHa?w=900&h=900&rs=1&pid=ImgDetMain",
      "harga": "Rp10.000"
    },
    {
      "nama": "Pemutih Pakaian",
      "description": "Pemutih pakaian untuk noda membandel.",
      "url": "https://dxclnrbvyw82b.cloudfront.net/images/product/web/77/52/57/00/0/000000575277_01_800.jpg",
      "harga": "Rp10.000"
    },
    {
      "nama": "Tisu",
      "description": "Tisu serbaguna.",
      "url": "https://id-test-11.slatic.net/p/a237a5996d156b02f12201f390464a05.jpg",
      "harga": "Rp6.000"
    },
    {
      "nama": "Cairan Pel",
      "description": "Cairan pel untuk membersihkan lantai.",
      "url": "https://id-test-11.slatic.net/p/8d063cfa8150e1573897174fc2b2effc.jpg",
      "harga": "Rp8.000"
    }
  ],
  "produkKesehatan": [
    {
      "nama": "Paracetamol",
      "deskripsi": "Obat penurun demam dan pereda nyeri.",
      "url": "https://th.bing.com/th/id/OIP.hgn0KycNcbF7D2EfToqGiQHaHa?rs=1&pid=ImgDetMain",
      "harga": "Rp5.000"
    },
    {
      "nama": "Vitamin C",
      "deskripsi": "Suplemen untuk meningkatkan daya tahan tubuh.",
      "url": "https://www.realhealthproducts.com/wp-content/uploads/2016/10/rhp-vit-c-front.png",
      "harga": "Rp15.000"
    },
    {
      "nama": "Minyak Kayu Putih",
      "deskripsi": "Minyak untuk menghangatkan tubuh.",
      "url": "https://id-test-11.slatic.net/p/adc225d8ce055f0bc0b188e62d104e58.jpg",
      "harga": "Rp20.000"
    },
    {
      "nama": "Plester Luka",
      "deskripsi": "Plester untuk menutup luka kecil.",
      "url": "https://images-1.eucerin.com/~/media/hansaplast/international/brand-relaunch-2020/packshots/wound-care/universal-plaster/45905_45901_hansaplast_universal_strips_dl_1380x1140px%201.png",
      "harga": "Rp3.000"
    },
    {
      "nama": "Betadine",
      "deskripsi": "Antiseptik untuk membersihkan luka.",
      "url": "https://i.ebayimg.com/images/g/FqQAAOSwDrNZWNDA/s-l640.jpg",
      "harga": "Rp10.000"
    },
    {
      "nama": "Obat Batuk",
      "deskripsi": "Sirup untuk meredakan batuk.",
      "url": "https://th.bing.com/th/id/OIP.9mEGtLrABFA9CwtxS7Bd1wAAAA?rs=1&pid=ImgDetMain",
      "harga": "Rp12.000"
    },
    {
      "nama": "Oralit",
      "deskripsi": "Larutan rehidrasi oral untuk diare.",
      "url": "https://static.cdntap.com/tap-assets-prod/wp-content/uploads/sites/24/2021/03/oralit-6.jpg?width=450&quality=90",
      "harga": "Rp6.000"
    },
    {
      "nama": "Masker",
      "deskripsi": "Masker wajah untuk perlindungan.",
      "url": "https://ecs7.tokopedia.net/img/cache/700/VqbcmM/2020/6/16/769742cb-031c-4cd2-802d-13713d940a74.jpg",
      "harga": "Rp2.000"
    },
    {
      "nama": "Hand Sanitizer",
      "deskripsi": "Pembersih tangan tanpa air.",
      "url": "https://www.usmagazine.com/wp-content/uploads/2020/06/Natural-Concepts-Hand-Sanitizer-Gel-6-Pack.jpg",
      "harga": "Rp15.000"
    },
    {
      "nama": "Tensoplast",
      "deskripsi": "Kain perban elastis untuk cedera.",
      "url": "https://th.bing.com/th/id/OIP.GZgnGuOsAJakTdAlFT7_nAHaHa?rs=1&pid=ImgDetMain",
      "harga": "Rp18.000"
    }
  ],
  "bumbuDapur": [
    {
      "nama": "Garam",
      "deskripsi": "Bumbu dapur untuk penyedap rasa.",
      "url": "https://th.bing.com/th/id/OIP.WSDbdSjr0jrGmae3gHQAEQHaHa?rs=1&pid=ImgDetMain",
      "harga": "Rp2.000"
    },
    {
      "nama": "Gula Pasir",
      "deskripsi": "Bahan pemanis untuk minuman dan makanan.",
      "url": "https://th.bing.com/th/id/OIP.iCV-Owwqtzyuaw_gIM-x9gHaE8?rs=1&pid=ImgDetMain",
      "harga": "Rp10.000"
    },
    {
      "nama": "Merica",
      "deskripsi": "Bumbu pedas untuk berbagai masakan.",
      "url": "https://th.bing.com/th/id/OIP.1hf7eSY_sjQFRTUbPDuwCwHaHa?rs=1&pid=ImgDetMain",
      "harga": "Rp15.000"
    },
    {
      "nama": "Ketumbar",
      "deskripsi": "Rempah-rempah untuk bumbu masakan.",
      "url": "https://th.bing.com/th/id/OIP.l1Ge4aGl7xg5Niv522UBiAHaE8?rs=1&pid=ImgDetMain",
      "harga": "Rp8.000"
    },
    {
      "nama": "Kunyit",
      "deskripsi": "Bumbu dapur untuk memberikan warna dan aroma.",
      "url": "https://th.bing.com/th/id/OIP.135qCJvU9fkDjw2VloAOGgAAAA?rs=1&pid=ImgDetMain",
      "harga": "Rp7.000"
    },
    {
      "nama": "Jahe",
      "deskripsi": "Rempah-rempah untuk minuman dan masakan.",
      "url": "https://th.bing.com/th/id/OIP.HDYL8DAjhB6LO8MZ99_7rQHaIu?rs=1&pid=ImgDetMain",
      "harga": "Rp9.000"
    },
    {
      "nama": "Lengkuas",
      "deskripsi": "Bumbu dapur dengan aroma khas.",
      "url": "https://th.bing.com/th/id/OIP.RhFCBbKTggiJxmdbeXarzgHaHa?rs=1&pid=ImgDetMain",
      "harga": "Rp6.000"
    },
    {
      "nama": "Daun Salam",
      "deskripsi": "Daun untuk aroma masakan.",
      "url": "",
      "harga": "Rp3.000"
    },
    {
      "nama": "Serai",
      "deskripsi": "Bumbu dapur untuk masakan dan minuman.",
      "url": "https://th.bing.com/th/id/OIP.1BCSQvCpvG6exW0DeTUVyQHaE8?rs=1&pid=ImgDetMain",
      "harga": "Rp5.000"
    },
    {
      "nama": "Bawang Putih",
      "deskripsi": "Bumbu dasar untuk berbagai masakan.",
      "url": "https://s2.bukalapak.com/img/21470650792/large/data.jpeg",
      "harga": "Rp12.000"
    }
  ],
  "lainLain": [
    {
      "nama": "Beras",
      "deskripsi": "Bahan pokok untuk konsumsi sehari-hari.",
      "url": "https://i0.wp.com/s3-ap-southeast-1.amazonaws.com/mydinexpress-media/v1/wp-content/uploads/2020/06/24005547/10009154-EA.jpg?resize=600%2C600&ssl=1",
      "harga": "Rp50.000"
    },
    {
      "nama": "Minyak Goreng",
      "deskripsi": "Minyak untuk menggoreng makanan.",
      "url": "https://5.imimg.com/data5/ZJ/IV/TZ/SELLER-3074232/turpentine-oil-500x500.jpg",
      "harga": "Rp30.000"
    },
    {
      "nama": "Telur",
      "deskripsi": "Bahan makanan kaya protein.",
      "url": "https://th.bing.com/th/id/OIP.Ej0BXmlE-9ujw4oILWV3CQHaHa?rs=1&pid=ImgDetMain",
      "harga": "Rp22.000"
    },
    {
      "nama": "Mie Instan",
      "deskripsi": "Makanan cepat saji yang praktis.",
      "url": "https://th.bing.com/th/id/OIP.dGt4sedyom319yOJCG4nYgHaHa?w=520&h=520&rs=1&pid=ImgDetMain",
      "harga": "Rp3.000"
    },
    {
      "nama": "Kopi",
      "deskripsi": "Minuman penghilang rasa kantuk.",
      "url": "https://th.bing.com/th/id/OIP.lmUnSSiSZol1yfyktgbEAgHaHa?rs=1&pid=ImgDetMain",
      "harga": "Rp10.000"
    },
    {
      "nama": "Teh",
      "deskripsi": "Minuman untuk menemani waktu santai.",
      "url": "https://www.static-src.com/wcsstore/Indraprastha/images/catalog/full/105/MTA-9586392/teh_cap_botol_teh_botol_bubuk_hijau_-40_g-_full02_rxzfyqba.jpg",
      "harga": "Rp8.000"
    },
    {
      "nama": "Susu Bubuk",
      "deskripsi": "Minuman bergizi untuk keluarga.",
      "url": "https://th.bing.com/th/id/OIP.FirOhZdlUmnTjqOgjTDbeQHaHE?w=486&h=464&rs=1&pid=ImgDetMain",
      "harga": "Rp40.000"
    },
    {
      "nama": "Kecap Manis",
      "deskripsi": "Pelengkap masakan dengan rasa manis.",
      "url": "https://img.mbizmarket.co.id/products/thumbs/800x800/2022/10/11/16747a725c189e705c5e5dc4c7382d7d.jpg",
      "harga": "Rp15.000"
    },
    {
      "nama": "Saus Sambal",
      "deskripsi": "Pelengkap masakan dengan rasa pedas.",
      "url": "https://th.bing.com/th/id/OIP.cUlshz3Y5M8r1Q7ZaM0IEQAAAA?rs=1&pid=ImgDetMain",
      "harga": "Rp7.000"
    },
    {
      "nama": "Roti Tawar",
      "deskripsi": "Roti untuk sarapan atau snack.",
      "url": "https://th.bing.com/th/id/OIP.6CA1SIgEGTkVW8Out0geeQHaFj?rs=1&pid=ImgDetMain",
      "harga": "Rp12.000"
    }
  ]
}